<?xml version="1.0" encoding="UTF-8"?>
<project-private xmlns="http://www.netbeans.org/ns/project-private/1">
    <editor-bookmarks xmlns="http://www.netbeans.org/ns/editor-bookmarks/2" lastBookmarkId="0"/>
    <open-files xmlns="http://www.netbeans.org/ns/projectui-open-files/2">
        <group>
            <file>file:/C:/Users/Rodrigue%20Ngok/Documents/NetBeansProjects/ProjetJAVA/src/ui/JFrameEtudiant.java</file>
            <file>file:/C:/Users/Rodrigue%20Ngok/Documents/NetBeansProjects/ProjetJAVA/src/entities/Versement.java</file>
            <file>file:/C:/Users/Rodrigue%20Ngok/Documents/NetBeansProjects/ProjetJAVA/src/bdPoo/BdPoo.java</file>
            <file>file:/C:/Users/Rodrigue%20Ngok/Documents/NetBeansProjects/ProjetJAVA/src/entities/Etudiant.java</file>
            <file>file:/C:/Users/Rodrigue%20Ngok/Documents/NetBeansProjects/ProjetJAVA/src/ui/JFrameLogin.java</file>
            <file>file:/C:/Users/Rodrigue%20Ngok/Documents/NetBeansProjects/ProjetJAVA/src/utils/Jdbc.java</file>
        </group>
    </open-files>
</project-private>
